,skills
0,Active listening
1,Articulating thoughts clearly
2,Building relationships
3,Conflict resolution
4,Cultural sensitivity
5,Customer service
6,Emotional intelligence
7,Empathy
8,Interpersonal communication
9,Negotiation
10,Nonverbal communication
11,Persuasion
12,Public speaking
13,Relationship management
14,Social skills
15,Storytelling
16,Verbal communication
17,Written communication
18,Artistic ability
19,Creative thinking
20,Graphic design
21,Industrial design
22,Innovation
23,Interior design
24,Musical ability
25,Painting
26,Photography
27,Sculpting
28,UX design
29,Video production
30,Visual design
31,Web design
32,Writing
33,Accounting
34,Algorithms
35,Data analysis
36,Financial analysis
37,Mathematical modeling
38,Probability
39,Quantitative analysis
40,Statistics
41,Change management
42,Coaching
43,Conflict management
44,Delegation
45,Decision making
46,Goal setting
47,Leadership
48,Management
49,Mentoring
50,Project management
51,Risk management
52,Strategic planning
53,Team building
54,Advertising
55,Branding
56,Content marketing
57,Copywriting
58,Customer relationship management
59,Digital marketing
60,Market research
61,Marketing strategy
62,Sales
63,Search engine optimization
64,Social media marketing
65,Analytical thinking
66,Attention to detail
67,Brainstorming
68,Creative problem solving
69,Critical thinking
70,Decision making
71,Logical reasoning
72,Problem solving
73,Root cause analysis
74,Systems thinking
75,Agile development
76,Artificial intelligence
77,Cloud computing
78,Computer programming
79,Cybersecurity
80,Database management
81,DevOps
82,Front-end development
83,Full-stack development
84,Mobile app development
85,Network administration
86,Software development
87,Technical support
88,Web development
89,Competitive analysis
90,Data mining
91,Information gathering
92,Information synthesis
93,Market analysis
94,Market research
95,Research
96,Survey design
97,User research
98,
99,Chemical engineering
100,Electrical engineering
101,Mechanical engineering
102,Physics
103,Scientific research
104,
105,Classroom management
106,Curriculum development
107,Educational technology
108,Instructional design
109,Learning management systems
110,Pedagogy
111,Teaching
112,Training
113,Acupuncture
114,Athletic training
115,Counseling
116,Dentistry
117,Fitness training
118,Massage therapy
119,Medical research
120,Nutrition
121,Physical therapy
122,Psychology
123,Public health
124,Yoga
125,Baking
126,Bar tending
127,Catering
128,Culinary arts
129,Event planning
130,Food service
131,Hotel management
132,Restaurant management
133,Auto mechanics
134,Carpentry
135,Commercial driving
136,Construction
137,Cosmetology
138,Electrical work
139,Equipment operation
140,HVAC installation and repair
141,Landscaping
142,Masonry
143,Metalworking
144,Painting and decorating
145,Plumbing
146,Sewing and tailoring
147,Welding
148,Active learning
149,Adaptability
150,Attention to detail
151,Collaboration
152,Customer service
153,Decision-making
154,Flexibility
155,Initiative
156,Innovation
157,Intercultural competence
158,Leadership
159,Learning agility
160,Listening
161,Multitasking
162,Organizational skills
163,Patience
164,Perseverance
165,Positive attitude
166,Problem-solving
167,Punctuality
168,Resilience
169,Responsibility
170,Self-discipline
171,Self-motivation
172,Time management
173,Work ethic
174,Machine Learning
175,Data Science
176,Deep Learning
177,Artificial Intelligence
178,Computer Vision
179,Data Mining
180,Data Visualization
181,Data Analytics
182,Data Engineering
183,Data Architecture
184,Data Management
185,Data Modeling
186,HR
187,Human Resources
188,Human Resource Management
189,Human Resource Development
190,Human Resource Information Systems
191,Human Resource Analytics
192,Human Resource Strategy
193,Human Resource Planning
194,Human Resource Policy
195,Human Resource Administration
196,DSA
197,Data Structures and Algorithms
198,Translating
199,Transcribing
200,Interpretation
201,Front End 
202,Video Editing
203,Bee Keeping
